County,year,child_welfare_assessments
Adair,2004,103
Adair,2005,221
Adair,2006,193
Adair,2007,165
Adair,2008,119
Adair,2009,163
Adair,2010,151
Adair,2011,164
Adair,2012,128
Adair,2013,159
Adair,2014,157
Adair,2015,196
Adair,2016,172
Adair,2017,214
Adair,2018,206
Adair,2019,231
Adair,2020,251
Adair,2021,352
Adair,2022,181
Adair,2023,205
Adams,2004,52
Adams,2005,36
Adams,2006,63
Adams,2007,106
Adams,2008,76
Adams,2009,124
Adams,2010,148
Adams,2011,143
Adams,2012,91
Adams,2013,123
Adams,2014,74
Adams,2015,97
Adams,2016,94
Adams,2017,124
Adams,2018,144
Adams,2019,141
Adams,2020,109
Adams,2021,102
Adams,2022,109
Adams,2023,106
Allamakee,2004,178
Allamakee,2005,273
Allamakee,2006,215
Allamakee,2007,217
Allamakee,2008,195
Allamakee,2009,326
Allamakee,2010,247
Allamakee,2011,350
Allamakee,2012,230
Allamakee,2013,252
Allamakee,2014,242
Allamakee,2015,180
Allamakee,2016,270
Allamakee,2017,264
Allamakee,2018,302
Allamakee,2019,298
Allamakee,2020,250
Allamakee,2021,361
Allamakee,2022,260
Allamakee,2023,279
Appanoose,2004,496
Appanoose,2005,415
Appanoose,2006,320
Appanoose,2007,262
Appanoose,2008,298
Appanoose,2009,448
Appanoose,2010,505
Appanoose,2011,388
Appanoose,2012,417
Appanoose,2013,348
Appanoose,2014,310
Appanoose,2015,437
Appanoose,2016,463
Appanoose,2017,458
Appanoose,2018,553
Appanoose,2019,431
Appanoose,2020,349
Appanoose,2021,473
Appanoose,2022,475
Appanoose,2023,339
Audubon,2004,83
Audubon,2005,84
Audubon,2006,130
Audubon,2007,158
Audubon,2008,166
Audubon,2009,131
Audubon,2010,92
Audubon,2011,170
Audubon,2012,100
Audubon,2013,67
Audubon,2014,95
Audubon,2015,116
Audubon,2016,121
Audubon,2017,190
Audubon,2018,181
Audubon,2019,226
Audubon,2020,230
Audubon,2021,262
Audubon,2022,226
Audubon,2023,251
Benton,2004,651
Benton,2005,542
Benton,2006,497
Benton,2007,481
Benton,2008,512
Benton,2009,556
Benton,2010,497
Benton,2011,553
Benton,2012,506
Benton,2013,447
Benton,2014,370
Benton,2015,459
Benton,2016,484
Benton,2017,594
Benton,2018,650
Benton,2019,580
Benton,2020,555
Benton,2021,659
Benton,2022,565
Benton,2023,640
Black Hawk,2004,4542
Black Hawk,2005,4936
Black Hawk,2006,4393
Black Hawk,2007,4181
Black Hawk,2008,4014
Black Hawk,2009,4372
Black Hawk,2010,4047
Black Hawk,2011,3750
Black Hawk,2012,3485
Black Hawk,2013,3351
Black Hawk,2014,3340
Black Hawk,2015,3309
Black Hawk,2016,3302
Black Hawk,2017,3210
Black Hawk,2018,4101
Black Hawk,2019,4287
Black Hawk,2020,4184
Black Hawk,2021,4367
Black Hawk,2022,4201
Black Hawk,2023,3957
Boone,2004,548
Boone,2005,553
Boone,2006,547
Boone,2007,522
Boone,2008,614
Boone,2009,809
Boone,2010,711
Boone,2011,679
Boone,2012,603
Boone,2013,547
Boone,2014,528
Boone,2015,533
Boone,2016,623
Boone,2017,516
Boone,2018,656
Boone,2019,736
Boone,2020,703
Boone,2021,703
Boone,2022,757
Boone,2023,581
Bremer,2004,444
Bremer,2005,321
Bremer,2006,371
Bremer,2007,321
Bremer,2008,305
Bremer,2009,360
Bremer,2010,327
Bremer,2011,314
Bremer,2012,291
Bremer,2013,253
Bremer,2014,251
Bremer,2015,287
Bremer,2016,273
Bremer,2017,286
Bremer,2018,413
Bremer,2019,432
Bremer,2020,358
Bremer,2021,578
Bremer,2022,471
Bremer,2023,471
Buchanan,2004,403
Buchanan,2005,507
Buchanan,2006,435
Buchanan,2007,311
Buchanan,2008,373
Buchanan,2009,343
Buchanan,2010,402
Buchanan,2011,466
Buchanan,2012,390
Buchanan,2013,423
Buchanan,2014,348
Buchanan,2015,289
Buchanan,2016,293
Buchanan,2017,319
Buchanan,2018,643
Buchanan,2019,486
Buchanan,2020,455
Buchanan,2021,614
Buchanan,2022,486
Buchanan,2023,517
Buena Vista,2004,340
Buena Vista,2005,334
Buena Vista,2006,428
Buena Vista,2007,434
Buena Vista,2008,303
Buena Vista,2009,464
Buena Vista,2010,547
Buena Vista,2011,543
Buena Vista,2012,486
Buena Vista,2013,495
Buena Vista,2014,352
Buena Vista,2015,328
Buena Vista,2016,428
Buena Vista,2017,492
Buena Vista,2018,554
Buena Vista,2019,520
Buena Vista,2020,499
Buena Vista,2021,611
Buena Vista,2022,638
Buena Vista,2023,733
Butler,2004,326
Butler,2005,292
Butler,2006,295
Butler,2007,320
Butler,2008,235
Butler,2009,325
Butler,2010,337
Butler,2011,323
Butler,2012,304
Butler,2013,287
Butler,2014,233
Butler,2015,245
Butler,2016,259
Butler,2017,225
Butler,2018,365
Butler,2019,317
Butler,2020,301
Butler,2021,335
Butler,2022,278
Butler,2023,368
Calhoun,2004,174
Calhoun,2005,171
Calhoun,2006,164
Calhoun,2007,143
Calhoun,2008,127
Calhoun,2009,210
Calhoun,2010,203
Calhoun,2011,156
Calhoun,2012,200
Calhoun,2013,225
Calhoun,2014,180
Calhoun,2015,199
Calhoun,2016,240
Calhoun,2017,204
Calhoun,2018,284
Calhoun,2019,292
Calhoun,2020,261
Calhoun,2021,328
Calhoun,2022,276
Calhoun,2023,443
Carroll,2004,224
Carroll,2005,337
Carroll,2006,395
Carroll,2007,389
Carroll,2008,381
Carroll,2009,447
Carroll,2010,334
Carroll,2011,372
Carroll,2012,389
Carroll,2013,387
Carroll,2014,360
Carroll,2015,360
Carroll,2016,363
Carroll,2017,327
Carroll,2018,529
Carroll,2019,638
Carroll,2020,507
Carroll,2021,541
Carroll,2022,572
Carroll,2023,576
Cass,2004,399
Cass,2005,269
Cass,2006,350
Cass,2007,391
Cass,2008,364
Cass,2009,376
Cass,2010,389
Cass,2011,403
Cass,2012,346
Cass,2013,312
Cass,2014,393
Cass,2015,337
Cass,2016,385
Cass,2017,416
Cass,2018,526
Cass,2019,514
Cass,2020,379
Cass,2021,513
Cass,2022,574
Cass,2023,580
Cedar,2004,241
Cedar,2005,253
Cedar,2006,311
Cedar,2007,305
Cedar,2008,306
Cedar,2009,305
Cedar,2010,419
Cedar,2011,369
Cedar,2012,341
Cedar,2013,371
Cedar,2014,313
Cedar,2015,295
Cedar,2016,333
Cedar,2017,418
Cedar,2018,455
Cedar,2019,357
Cedar,2020,365
Cedar,2021,442
Cedar,2022,393
Cedar,2023,497
Cerro Gordo,2004,1424
Cerro Gordo,2005,1304
Cerro Gordo,2006,1285
Cerro Gordo,2007,1215
Cerro Gordo,2008,1080
Cerro Gordo,2009,1388
Cerro Gordo,2010,1278
Cerro Gordo,2011,1288
Cerro Gordo,2012,1171
Cerro Gordo,2013,1107
Cerro Gordo,2014,1007
Cerro Gordo,2015,1181
Cerro Gordo,2016,1231
Cerro Gordo,2017,1233
Cerro Gordo,2018,1720
Cerro Gordo,2019,1642
Cerro Gordo,2020,1452
Cerro Gordo,2021,1502
Cerro Gordo,2022,1594
Cerro Gordo,2023,1351
Cherokee,2004,261
Cherokee,2005,302
Cherokee,2006,303
Cherokee,2007,293
Cherokee,2008,296
Cherokee,2009,337
Cherokee,2010,277
Cherokee,2011,253
Cherokee,2012,222
Cherokee,2013,189
Cherokee,2014,204
Cherokee,2015,243
Cherokee,2016,246
Cherokee,2017,266
Cherokee,2018,285
Cherokee,2019,316
Cherokee,2020,305
Cherokee,2021,335
Cherokee,2022,336
Cherokee,2023,263
Chickasaw,2004,253
Chickasaw,2005,234
Chickasaw,2006,296
Chickasaw,2007,285
Chickasaw,2008,224
Chickasaw,2009,267
Chickasaw,2010,283
Chickasaw,2011,242
Chickasaw,2012,219
Chickasaw,2013,205
Chickasaw,2014,217
Chickasaw,2015,179
Chickasaw,2016,240
Chickasaw,2017,249
Chickasaw,2018,247
Chickasaw,2019,213
Chickasaw,2020,173
Chickasaw,2021,241
Chickasaw,2022,230
Chickasaw,2023,211
Clarke,2004,207
Clarke,2005,207
Clarke,2006,309
Clarke,2007,209
Clarke,2008,202
Clarke,2009,279
Clarke,2010,270
Clarke,2011,276
Clarke,2012,292
Clarke,2013,231
Clarke,2014,232
Clarke,2015,214
Clarke,2016,240
Clarke,2017,280
Clarke,2018,411
Clarke,2019,526
Clarke,2020,381
Clarke,2021,436
Clarke,2022,294
Clarke,2023,310
Clay,2004,434
Clay,2005,511
Clay,2006,568
Clay,2007,425
Clay,2008,540
Clay,2009,497
Clay,2010,539
Clay,2011,502
Clay,2012,436
Clay,2013,442
Clay,2014,330
Clay,2015,399
Clay,2016,431
Clay,2017,482
Clay,2018,450
Clay,2019,495
Clay,2020,425
Clay,2021,524
Clay,2022,469
Clay,2023,580
Clayton,2004,252
Clayton,2005,357
Clayton,2006,355
Clayton,2007,312
Clayton,2008,303
Clayton,2009,233
Clayton,2010,317
Clayton,2011,276
Clayton,2012,387
Clayton,2013,311
Clayton,2014,273
Clayton,2015,253
Clayton,2016,246
Clayton,2017,270
Clayton,2018,335
Clayton,2019,383
Clayton,2020,268
Clayton,2021,382
Clayton,2022,308
Clayton,2023,355
Clinton,2004,963
Clinton,2005,1066
Clinton,2006,1141
Clinton,2007,1157
Clinton,2008,1187
Clinton,2009,1467
Clinton,2010,1544
Clinton,2011,1611
Clinton,2012,1516
Clinton,2013,1409
Clinton,2014,1411
Clinton,2015,1523
Clinton,2016,1658
Clinton,2017,1618
Clinton,2018,2179
Clinton,2019,2004
Clinton,2020,1863
Clinton,2021,2018
Clinton,2022,1927
Clinton,2023,1893
Crawford,2004,268
Crawford,2005,422
Crawford,2006,333
Crawford,2007,302
Crawford,2008,236
Crawford,2009,294
Crawford,2010,294
Crawford,2011,364
Crawford,2012,333
Crawford,2013,341
Crawford,2014,255
Crawford,2015,227
Crawford,2016,347
Crawford,2017,284
Crawford,2018,523
Crawford,2019,469
Crawford,2020,369
Crawford,2021,471
Crawford,2022,436
Crawford,2023,352
Dallas,2004,1017
Dallas,2005,888
Dallas,2006,885
Dallas,2007,774
Dallas,2008,920
Dallas,2009,967
Dallas,2010,981
Dallas,2011,935
Dallas,2012,850
Dallas,2013,943
Dallas,2014,960
Dallas,2015,1013
Dallas,2016,1030
Dallas,2017,922
Dallas,2018,1207
Dallas,2019,1274
Dallas,2020,1249
Dallas,2021,1617
Dallas,2022,1474
Dallas,2023,1570
Davis,2004,137
Davis,2005,134
Davis,2006,160
Davis,2007,154
Davis,2008,162
Davis,2009,149
Davis,2010,162
Davis,2011,204
Davis,2012,146
Davis,2013,182
Davis,2014,133
Davis,2015,136
Davis,2016,160
Davis,2017,128
Davis,2018,170
Davis,2019,208
Davis,2020,234
Davis,2021,259
Davis,2022,173
Davis,2023,160
Decatur,2004,139
Decatur,2005,222
Decatur,2006,221
Decatur,2007,196
Decatur,2008,206
Decatur,2009,233
Decatur,2010,208
Decatur,2011,240
Decatur,2012,199
Decatur,2013,260
Decatur,2014,193
Decatur,2015,259
Decatur,2016,217
Decatur,2017,234
Decatur,2018,292
Decatur,2019,256
Decatur,2020,202
Decatur,2021,306
Decatur,2022,265
Decatur,2023,255
Delaware,2004,364
Delaware,2005,382
Delaware,2006,261
Delaware,2007,311
Delaware,2008,226
Delaware,2009,281
Delaware,2010,257
Delaware,2011,315
Delaware,2012,335
Delaware,2013,271
Delaware,2014,243
Delaware,2015,252
Delaware,2016,258
Delaware,2017,224
Delaware,2018,392
Delaware,2019,325
Delaware,2020,369
Delaware,2021,319
Delaware,2022,385
Delaware,2023,229
Des Moines,2004,1377
Des Moines,2005,1100
Des Moines,2006,1330
Des Moines,2007,1193
Des Moines,2008,1161
Des Moines,2009,1350
Des Moines,2010,1422
Des Moines,2011,1406
Des Moines,2012,1400
Des Moines,2013,1178
Des Moines,2014,1145
Des Moines,2015,1224
Des Moines,2016,1425
Des Moines,2017,1395
Des Moines,2018,1919
Des Moines,2019,1700
Des Moines,2020,1566
Des Moines,2021,1845
Des Moines,2022,1610
Des Moines,2023,1523
Dickinson,2004,321
Dickinson,2005,327
Dickinson,2006,308
Dickinson,2007,280
Dickinson,2008,375
Dickinson,2009,327
Dickinson,2010,329
Dickinson,2011,287
Dickinson,2012,286
Dickinson,2013,296
Dickinson,2014,259
Dickinson,2015,324
Dickinson,2016,231
Dickinson,2017,291
Dickinson,2018,382
Dickinson,2019,286
Dickinson,2020,263
Dickinson,2021,315
Dickinson,2022,405
Dickinson,2023,324
Dubuque,2004,1926
Dubuque,2005,2304
Dubuque,2006,2190
Dubuque,2007,2167
Dubuque,2008,2008
Dubuque,2009,2206
Dubuque,2010,2497
Dubuque,2011,2319
Dubuque,2012,2077
Dubuque,2013,2159
Dubuque,2014,1796
Dubuque,2015,1862
Dubuque,2016,1968
Dubuque,2017,2092
Dubuque,2018,2725
Dubuque,2019,2674
Dubuque,2020,2374
Dubuque,2021,2998
Dubuque,2022,2968
Dubuque,2023,2918
Emmet,2004,231
Emmet,2005,279
Emmet,2006,290
Emmet,2007,313
Emmet,2008,258
Emmet,2009,241
Emmet,2010,211
Emmet,2011,314
Emmet,2012,261
Emmet,2013,275
Emmet,2014,251
Emmet,2015,289
Emmet,2016,292
Emmet,2017,473
Emmet,2018,355
Emmet,2019,366
Emmet,2020,317
Emmet,2021,409
Emmet,2022,333
Emmet,2023,302
Fayette,2004,473
Fayette,2005,486
Fayette,2006,558
Fayette,2007,495
Fayette,2008,495
Fayette,2009,507
Fayette,2010,592
Fayette,2011,630
Fayette,2012,570
Fayette,2013,422
Fayette,2014,522
Fayette,2015,531
Fayette,2016,551
Fayette,2017,473
Fayette,2018,623
Fayette,2019,737
Fayette,2020,679
Fayette,2021,751
Fayette,2022,770
Fayette,2023,576
Floyd,2004,579
Floyd,2005,531
Floyd,2006,677
Floyd,2007,606
Floyd,2008,523
Floyd,2009,554
Floyd,2010,570
Floyd,2011,483
Floyd,2012,426
Floyd,2013,443
Floyd,2014,379
Floyd,2015,472
Floyd,2016,483
Floyd,2017,372
Floyd,2018,718
Floyd,2019,508
Floyd,2020,502
Floyd,2021,608
Floyd,2022,561
Floyd,2023,565
Franklin,2004,213
Franklin,2005,292
Franklin,2006,309
Franklin,2007,225
Franklin,2008,257
Franklin,2009,355
Franklin,2010,318
Franklin,2011,231
Franklin,2012,263
Franklin,2013,263
Franklin,2014,200
Franklin,2015,226
Franklin,2016,203
Franklin,2017,258
Franklin,2018,231
Franklin,2019,323
Franklin,2020,259
Franklin,2021,303
Franklin,2022,269
Franklin,2023,309
Fremont,2004,88
Fremont,2005,101
Fremont,2006,170
Fremont,2007,213
Fremont,2008,173
Fremont,2009,142
Fremont,2010,140
Fremont,2011,119
Fremont,2012,123
Fremont,2013,158
Fremont,2014,127
Fremont,2015,197
Fremont,2016,170
Fremont,2017,182
Fremont,2018,243
Fremont,2019,169
Fremont,2020,187
Fremont,2021,203
Fremont,2022,215
Fremont,2023,218
Greene,2004,86
Greene,2005,159
Greene,2006,217
Greene,2007,222
Greene,2008,170
Greene,2009,250
Greene,2010,232
Greene,2011,244
Greene,2012,221
Greene,2013,238
Greene,2014,232
Greene,2015,283
Greene,2016,259
Greene,2017,268
Greene,2018,382
Greene,2019,309
Greene,2020,253
Greene,2021,326
Greene,2022,395
Greene,2023,363
Grundy,2004,183
Grundy,2005,164
Grundy,2006,189
Grundy,2007,131
Grundy,2008,168
Grundy,2009,188
Grundy,2010,139
Grundy,2011,181
Grundy,2012,151
Grundy,2013,167
Grundy,2014,145
Grundy,2015,230
Grundy,2016,175
Grundy,2017,176
Grundy,2018,268
Grundy,2019,285
Grundy,2020,294
Grundy,2021,299
Grundy,2022,285
Grundy,2023,240
Guthrie,2004,232
Guthrie,2005,178
Guthrie,2006,184
Guthrie,2007,214
Guthrie,2008,191
Guthrie,2009,226
Guthrie,2010,135
Guthrie,2011,179
Guthrie,2012,257
Guthrie,2013,247
Guthrie,2014,195
Guthrie,2015,231
Guthrie,2016,207
Guthrie,2017,281
Guthrie,2018,396
Guthrie,2019,358
Guthrie,2020,316
Guthrie,2021,345
Guthrie,2022,280
Guthrie,2023,298
Hamilton,2004,232
Hamilton,2005,322
Hamilton,2006,286
Hamilton,2007,277
Hamilton,2008,262
Hamilton,2009,413
Hamilton,2010,369
Hamilton,2011,348
Hamilton,2012,359
Hamilton,2013,441
Hamilton,2014,351
Hamilton,2015,329
Hamilton,2016,307
Hamilton,2017,281
Hamilton,2018,326
Hamilton,2019,420
Hamilton,2020,343
Hamilton,2021,498
Hamilton,2022,422
Hamilton,2023,402
Hancock,2004,169
Hancock,2005,225
Hancock,2006,234
Hancock,2007,210
Hancock,2008,211
Hancock,2009,200
Hancock,2010,223
Hancock,2011,157
Hancock,2012,172
Hancock,2013,188
Hancock,2014,136
Hancock,2015,173
Hancock,2016,174
Hancock,2017,183
Hancock,2018,204
Hancock,2019,153
Hancock,2020,149
Hancock,2021,315
Hancock,2022,215
Hancock,2023,223
Hardin,2004,342
Hardin,2005,405
Hardin,2006,346
Hardin,2007,379
Hardin,2008,392
Hardin,2009,494
Hardin,2010,529
Hardin,2011,605
Hardin,2012,478
Hardin,2013,634
Hardin,2014,489
Hardin,2015,491
Hardin,2016,449
Hardin,2017,479
Hardin,2018,648
Hardin,2019,603
Hardin,2020,607
Hardin,2021,699
Hardin,2022,713
Hardin,2023,701
Harrison,2004,207
Harrison,2005,361
Harrison,2006,402
Harrison,2007,325
Harrison,2008,309
Harrison,2009,331
Harrison,2010,350
Harrison,2011,263
Harrison,2012,244
Harrison,2013,277
Harrison,2014,260
Harrison,2015,346
Harrison,2016,319
Harrison,2017,277
Harrison,2018,484
Harrison,2019,433
Harrison,2020,418
Harrison,2021,546
Harrison,2022,506
Harrison,2023,447
Henry,2004,702
Henry,2005,674
Henry,2006,473
Henry,2007,570
Henry,2008,364
Henry,2009,473
Henry,2010,604
Henry,2011,552
Henry,2012,482
Henry,2013,629
Henry,2014,320
Henry,2015,363
Henry,2016,424
Henry,2017,470
Henry,2018,712
Henry,2019,660
Henry,2020,658
Henry,2021,747
Henry,2022,688
Henry,2023,594
Howard,2004,125
Howard,2005,169
Howard,2006,226
Howard,2007,139
Howard,2008,159
Howard,2009,175
Howard,2010,131
Howard,2011,205
Howard,2012,254
Howard,2013,200
Howard,2014,165
Howard,2015,192
Howard,2016,234
Howard,2017,231
Howard,2018,284
Howard,2019,266
Howard,2020,274
Howard,2021,274
Howard,2022,247
Howard,2023,245
Humboldt,2004,135
Humboldt,2005,162
Humboldt,2006,152
Humboldt,2007,139
Humboldt,2008,119
Humboldt,2009,210
Humboldt,2010,176
Humboldt,2011,206
Humboldt,2012,178
Humboldt,2013,248
Humboldt,2014,202
Humboldt,2015,232
Humboldt,2016,179
Humboldt,2017,189
Humboldt,2018,153
Humboldt,2019,291
Humboldt,2020,168
Humboldt,2021,268
Humboldt,2022,353
Humboldt,2023,311
Ida,2004,154
Ida,2005,129
Ida,2006,194
Ida,2007,138
Ida,2008,177
Ida,2009,183
Ida,2010,152
Ida,2011,156
Ida,2012,135
Ida,2013,242
Ida,2014,143
Ida,2015,135
Ida,2016,150
Ida,2017,194
Ida,2018,259
Ida,2019,170
Ida,2020,171
Ida,2021,161
Ida,2022,273
Ida,2023,208
Iowa,2004,278
Iowa,2005,297
Iowa,2006,195
Iowa,2007,190
Iowa,2008,222
Iowa,2009,260
Iowa,2010,218
Iowa,2011,270
Iowa,2012,245
Iowa,2013,275
Iowa,2014,226
Iowa,2015,220
Iowa,2016,301
Iowa,2017,277
Iowa,2018,373
Iowa,2019,400
Iowa,2020,354
Iowa,2021,440
Iowa,2022,386
Iowa,2023,382
Jackson,2004,470
Jackson,2005,460
Jackson,2006,485
Jackson,2007,387
Jackson,2008,439
Jackson,2009,450
Jackson,2010,490
Jackson,2011,475
Jackson,2012,404
Jackson,2013,468
Jackson,2014,362
Jackson,2015,301
Jackson,2016,426
Jackson,2017,412
Jackson,2018,608
Jackson,2019,526
Jackson,2020,472
Jackson,2021,613
Jackson,2022,497
Jackson,2023,497
Jasper,2004,675
Jasper,2005,769
Jasper,2006,676
Jasper,2007,828
Jasper,2008,838
Jasper,2009,830
Jasper,2010,1029
Jasper,2011,1056
Jasper,2012,1173
Jasper,2013,1174
Jasper,2014,1088
Jasper,2015,1130
Jasper,2016,1056
Jasper,2017,852
Jasper,2018,1329
Jasper,2019,1298
Jasper,2020,1208
Jasper,2021,1430
Jasper,2022,1280
Jasper,2023,1134
Jefferson,2004,407
Jefferson,2005,546
Jefferson,2006,329
Jefferson,2007,302
Jefferson,2008,323
Jefferson,2009,387
Jefferson,2010,396
Jefferson,2011,381
Jefferson,2012,289
Jefferson,2013,367
Jefferson,2014,379
Jefferson,2015,353
Jefferson,2016,394
Jefferson,2017,502
Jefferson,2018,597
Jefferson,2019,496
Jefferson,2020,423
Jefferson,2021,578
Jefferson,2022,464
Jefferson,2023,440
Johnson,2004,1983
Johnson,2005,1775
Johnson,2006,1326
Johnson,2007,1432
Johnson,2008,1469
Johnson,2009,1731
Johnson,2010,1667
Johnson,2011,1893
Johnson,2012,1849
Johnson,2013,1770
Johnson,2014,1675
Johnson,2015,1652
Johnson,2016,1621
Johnson,2017,1644
Johnson,2018,2263
Johnson,2019,2214
Johnson,2020,2223
Johnson,2021,2276
Johnson,2022,2584
Johnson,2023,2477
Jones,2004,301
Jones,2005,239
Jones,2006,242
Jones,2007,216
Jones,2008,264
Jones,2009,374
Jones,2010,403
Jones,2011,543
Jones,2012,411
Jones,2013,340
Jones,2014,355
Jones,2015,404
Jones,2016,433
Jones,2017,485
Jones,2018,612
Jones,2019,557
Jones,2020,608
Jones,2021,664
Jones,2022,572
Jones,2023,466
Keokuk,2004,364
Keokuk,2005,276
Keokuk,2006,256
Keokuk,2007,249
Keokuk,2008,193
Keokuk,2009,280
Keokuk,2010,257
Keokuk,2011,326
Keokuk,2012,253
Keokuk,2013,284
Keokuk,2014,205
Keokuk,2015,242
Keokuk,2016,311
Keokuk,2017,297
Keokuk,2018,399
Keokuk,2019,332
Keokuk,2020,324
Keokuk,2021,363
Keokuk,2022,381
Keokuk,2023,348
Kossuth,2004,299
Kossuth,2005,281
Kossuth,2006,283
Kossuth,2007,227
Kossuth,2008,285
Kossuth,2009,293
Kossuth,2010,298
Kossuth,2011,237
Kossuth,2012,228
Kossuth,2013,235
Kossuth,2014,190
Kossuth,2015,222
Kossuth,2016,177
Kossuth,2017,238
Kossuth,2018,307
Kossuth,2019,414
Kossuth,2020,263
Kossuth,2021,329
Kossuth,2022,269
Kossuth,2023,301
Lee,2004,1447
Lee,2005,1084
Lee,2006,1114
Lee,2007,1062
Lee,2008,1000
Lee,2009,1113
Lee,2010,1086
Lee,2011,1195
Lee,2012,1049
Lee,2013,1057
Lee,2014,1117
Lee,2015,1157
Lee,2016,1312
Lee,2017,1356
Lee,2018,1460
Lee,2019,1581
Lee,2020,1505
Lee,2021,1753
Lee,2022,1611
Lee,2023,1443
Linn,2004,4180
Linn,2005,3942
Linn,2006,4285
Linn,2007,4451
Linn,2008,4058
Linn,2009,4946
Linn,2010,5272
Linn,2011,4817
Linn,2012,4544
Linn,2013,5024
Linn,2014,4855
Linn,2015,4914
Linn,2016,4969
Linn,2017,5123
Linn,2018,7123
Linn,2019,6675
Linn,2020,6111
Linn,2021,6988
Linn,2022,6844
Linn,2023,6219
Louisa,2004,383
Louisa,2005,267
Louisa,2006,298
Louisa,2007,285
Louisa,2008,295
Louisa,2009,270
Louisa,2010,327
Louisa,2011,341
Louisa,2012,265
Louisa,2013,210
Louisa,2014,209
Louisa,2015,237
Louisa,2016,272
Louisa,2017,268
Louisa,2018,328
Louisa,2019,412
Louisa,2020,234
Louisa,2021,312
Louisa,2022,207
Louisa,2023,213
Lucas,2004,199
Lucas,2005,272
Lucas,2006,276
Lucas,2007,197
Lucas,2008,156
Lucas,2009,166
Lucas,2010,210
Lucas,2011,211
Lucas,2012,192
Lucas,2013,209
Lucas,2014,211
Lucas,2015,278
Lucas,2016,104
Lucas,2017,188
Lucas,2018,267
Lucas,2019,222
Lucas,2020,152
Lucas,2021,267
Lucas,2022,273
Lucas,2023,266
Lyon,2004,159
Lyon,2005,186
Lyon,2006,148
Lyon,2007,145
Lyon,2008,145
Lyon,2009,188
Lyon,2010,123
Lyon,2011,196
Lyon,2012,172
Lyon,2013,118
Lyon,2014,149
Lyon,2015,108
Lyon,2016,173
Lyon,2017,198
Lyon,2018,263
Lyon,2019,211
Lyon,2020,192
Lyon,2021,261
Lyon,2022,220
Lyon,2023,277
Madison,2004,359
Madison,2005,346
Madison,2006,299
Madison,2007,425
Madison,2008,327
Madison,2009,332
Madison,2010,376
Madison,2011,302
Madison,2012,264
Madison,2013,341
Madison,2014,315
Madison,2015,284
Madison,2016,289
Madison,2017,358
Madison,2018,423
Madison,2019,440
Madison,2020,471
Madison,2021,458
Madison,2022,424
Madison,2023,363
Mahaska,2004,622
Mahaska,2005,659
Mahaska,2006,556
Mahaska,2007,511
Mahaska,2008,504
Mahaska,2009,518
Mahaska,2010,612
Mahaska,2011,712
Mahaska,2012,773
Mahaska,2013,689
Mahaska,2014,552
Mahaska,2015,492
Mahaska,2016,591
Mahaska,2017,619
Mahaska,2018,830
Mahaska,2019,783
Mahaska,2020,542
Mahaska,2021,667
Mahaska,2022,552
Mahaska,2023,751
Marion,2004,659
Marion,2005,573
Marion,2006,568
Marion,2007,602
Marion,2008,581
Marion,2009,591
Marion,2010,532
Marion,2011,551
Marion,2012,703
Marion,2013,644
Marion,2014,614
Marion,2015,771
Marion,2016,761
Marion,2017,575
Marion,2018,889
Marion,2019,706
Marion,2020,721
Marion,2021,1002
Marion,2022,904
Marion,2023,689
Marshall,2004,1187
Marshall,2005,1182
Marshall,2006,1091
Marshall,2007,1068
Marshall,2008,1361
Marshall,2009,1464
Marshall,2010,1635
Marshall,2011,1423
Marshall,2012,1418
Marshall,2013,1318
Marshall,2014,1182
Marshall,2015,1184
Marshall,2016,1120
Marshall,2017,1250
Marshall,2018,1594
Marshall,2019,1486
Marshall,2020,1264
Marshall,2021,1456
Marshall,2022,1403
Marshall,2023,1422
Mills,2004,271
Mills,2005,279
Mills,2006,422
Mills,2007,394
Mills,2008,286
Mills,2009,253
Mills,2010,279
Mills,2011,270
Mills,2012,293
Mills,2013,307
Mills,2014,232
Mills,2015,314
Mills,2016,394
Mills,2017,341
Mills,2018,487
Mills,2019,373
Mills,2020,363
Mills,2021,408
Mills,2022,441
Mills,2023,382
Missing,2004,18
Mitchell,2004,159
Mitchell,2005,180
Mitchell,2006,164
Mitchell,2007,185
Mitchell,2008,169
Mitchell,2009,123
Mitchell,2010,210
Mitchell,2011,164
Mitchell,2012,103
Mitchell,2013,144
Mitchell,2014,131
Mitchell,2015,138
Mitchell,2016,130
Mitchell,2017,141
Mitchell,2018,196
Mitchell,2019,174
Mitchell,2020,211
Mitchell,2021,208
Mitchell,2022,192
Mitchell,2023,177
Monona,2004,123
Monona,2005,165
Monona,2006,249
Monona,2007,163
Monona,2008,134
Monona,2009,167
Monona,2010,212
Monona,2011,175
Monona,2012,223
Monona,2013,174
Monona,2014,170
Monona,2015,153
Monona,2016,249
Monona,2017,175
Monona,2018,247
Monona,2019,277
Monona,2020,304
Monona,2021,340
Monona,2022,313
Monona,2023,327
Monroe,2004,218
Monroe,2005,229
Monroe,2006,169
Monroe,2007,156
Monroe,2008,166
Monroe,2009,165
Monroe,2010,213
Monroe,2011,175
Monroe,2012,199
Monroe,2013,197
Monroe,2014,257
Monroe,2015,167
Monroe,2016,172
Monroe,2017,122
Monroe,2018,233
Monroe,2019,270
Monroe,2020,263
Monroe,2021,236
Monroe,2022,217
Monroe,2023,202
Montgomery,2004,354
Montgomery,2005,346
Montgomery,2006,437
Montgomery,2007,397
Montgomery,2008,368
Montgomery,2009,321
Montgomery,2010,376
Montgomery,2011,456
Montgomery,2012,386
Montgomery,2013,374
Montgomery,2014,439
Montgomery,2015,358
Montgomery,2016,375
Montgomery,2017,337
Montgomery,2018,457
Montgomery,2019,492
Montgomery,2020,485
Montgomery,2021,525
Montgomery,2022,478
Montgomery,2023,452
Muscatine,2004,1393
Muscatine,2005,1315
Muscatine,2006,1330
Muscatine,2007,1249
Muscatine,2008,1220
Muscatine,2009,1265
Muscatine,2010,1371
Muscatine,2011,1472
Muscatine,2012,1295
Muscatine,2013,1159
Muscatine,2014,1246
Muscatine,2015,1315
Muscatine,2016,1214
Muscatine,2017,1380
Muscatine,2018,1558
Muscatine,2019,1626
Muscatine,2020,1773
Muscatine,2021,1774
Muscatine,2022,1530
Muscatine,2023,1416
OBrien,2004,336
OBrien,2005,304
OBrien,2006,395
OBrien,2007,397
OBrien,2008,520
OBrien,2009,463
OBrien,2010,418
OBrien,2011,412
OBrien,2012,319
OBrien,2013,324
OBrien,2014,330
OBrien,2015,370
OBrien,2016,354
OBrien,2017,462
OBrien,2018,493
OBrien,2019,405
OBrien,2020,430
OBrien,2021,362
OBrien,2022,366
OBrien,2023,396
Osceola,2004,100
Osceola,2005,119
Osceola,2006,111
Osceola,2007,169
Osceola,2008,127
Osceola,2009,171
Osceola,2010,139
Osceola,2011,104
Osceola,2012,64
Osceola,2013,111
Osceola,2014,144
Osceola,2015,55
Osceola,2016,133
Osceola,2017,111
Osceola,2018,183
Osceola,2019,158
Osceola,2020,153
Osceola,2021,202
Osceola,2022,166
Osceola,2023,184
Page,2004,377
Page,2005,412
Page,2006,491
Page,2007,436
Page,2008,388
Page,2009,410
Page,2010,303
Page,2011,513
Page,2012,518
Page,2013,436
Page,2014,411
Page,2015,381
Page,2016,411
Page,2017,501
Page,2018,628
Page,2019,588
Page,2020,496
Page,2021,524
Page,2022,590
Page,2023,558
Palo Alto,2004,137
Palo Alto,2005,213
Palo Alto,2006,184
Palo Alto,2007,210
Palo Alto,2008,171
Palo Alto,2009,228
Palo Alto,2010,184
Palo Alto,2011,212
Palo Alto,2012,194
Palo Alto,2013,196
Palo Alto,2014,171
Palo Alto,2015,173
Palo Alto,2016,190
Palo Alto,2017,185
Palo Alto,2018,223
Palo Alto,2019,211
Palo Alto,2020,220
Palo Alto,2021,204
Palo Alto,2022,201
Palo Alto,2023,195
Plymouth,2004,415
Plymouth,2005,494
Plymouth,2006,319
Plymouth,2007,370
Plymouth,2008,398
Plymouth,2009,393
Plymouth,2010,357
Plymouth,2011,442
Plymouth,2012,371
Plymouth,2013,393
Plymouth,2014,287
Plymouth,2015,329
Plymouth,2016,374
Plymouth,2017,475
Plymouth,2018,556
Plymouth,2019,546
Plymouth,2020,447
Plymouth,2021,475
Plymouth,2022,549
Plymouth,2023,518
Pocahontas,2004,116
Pocahontas,2005,114
Pocahontas,2006,110
Pocahontas,2007,125
Pocahontas,2008,106
Pocahontas,2009,166
Pocahontas,2010,156
Pocahontas,2011,188
Pocahontas,2012,228
Pocahontas,2013,235
Pocahontas,2014,143
Pocahontas,2015,218
Pocahontas,2016,207
Pocahontas,2017,214
Pocahontas,2018,247
Pocahontas,2019,249
Pocahontas,2020,215
Pocahontas,2021,200
Pocahontas,2022,323
Pocahontas,2023,226
Polk,2004,11081
Polk,2005,11406
Polk,2006,9845
Polk,2007,9525
Polk,2008,8763
Polk,2009,9715
Polk,2010,9978
Polk,2011,10105
Polk,2012,9971
Polk,2013,10426
Polk,2014,9561
Polk,2015,10344
Polk,2016,10586
Polk,2017,10548
Polk,2018,13386
Polk,2019,13912
Polk,2020,11973
Polk,2021,14280
Polk,2022,13886
Polk,2023,13119
Pottawattamie,2004,2772
Pottawattamie,2005,2773
Pottawattamie,2006,3156
Pottawattamie,2007,3076
Pottawattamie,2008,2453
Pottawattamie,2009,2779
Pottawattamie,2010,2827
Pottawattamie,2011,3199
Pottawattamie,2012,2705
Pottawattamie,2013,2876
Pottawattamie,2014,2918
Pottawattamie,2015,2989
Pottawattamie,2016,3246
Pottawattamie,2017,3130
Pottawattamie,2018,4275
Pottawattamie,2019,3762
Pottawattamie,2020,3607
Pottawattamie,2021,4227
Pottawattamie,2022,3886
Pottawattamie,2023,3681
Poweshiek,2004,267
Poweshiek,2005,271
Poweshiek,2006,304
Poweshiek,2007,314
Poweshiek,2008,353
Poweshiek,2009,426
Poweshiek,2010,398
Poweshiek,2011,424
Poweshiek,2012,517
Poweshiek,2013,423
Poweshiek,2014,285
Poweshiek,2015,298
Poweshiek,2016,361
Poweshiek,2017,407
Poweshiek,2018,572
Poweshiek,2019,467
Poweshiek,2020,502
Poweshiek,2021,541
Poweshiek,2022,528
Poweshiek,2023,430
Ringgold,2004,68
Ringgold,2005,79
Ringgold,2006,113
Ringgold,2007,104
Ringgold,2008,89
Ringgold,2009,88
Ringgold,2010,62
Ringgold,2011,99
Ringgold,2012,68
Ringgold,2013,97
Ringgold,2014,115
Ringgold,2015,99
Ringgold,2016,93
Ringgold,2017,104
Ringgold,2018,120
Ringgold,2019,142
Ringgold,2020,126
Ringgold,2021,101
Ringgold,2022,146
Ringgold,2023,114
Sac,2004,141
Sac,2005,123
Sac,2006,155
Sac,2007,140
Sac,2008,168
Sac,2009,153
Sac,2010,145
Sac,2011,110
Sac,2012,159
Sac,2013,175
Sac,2014,157
Sac,2015,163
Sac,2016,175
Sac,2017,169
Sac,2018,196
Sac,2019,204
Sac,2020,175
Sac,2021,301
Sac,2022,240
Sac,2023,246
Scott,2004,5142
Scott,2005,4687
Scott,2006,4663
Scott,2007,4691
Scott,2008,4133
Scott,2009,4521
Scott,2010,5047
Scott,2011,5085
Scott,2012,4383
Scott,2013,4483
Scott,2014,3966
Scott,2015,4114
Scott,2016,4779
Scott,2017,4658
Scott,2018,5977
Scott,2019,5563
Scott,2020,5478
Scott,2021,6271
Scott,2022,6363
Scott,2023,6168
Shelby,2004,134
Shelby,2005,160
Shelby,2006,198
Shelby,2007,212
Shelby,2008,184
Shelby,2009,236
Shelby,2010,206
Shelby,2011,277
Shelby,2012,190
Shelby,2013,259
Shelby,2014,244
Shelby,2015,251
Shelby,2016,255
Shelby,2017,279
Shelby,2018,311
Shelby,2019,255
Shelby,2020,306
Shelby,2021,390
Shelby,2022,398
Shelby,2023,445
Sioux,2004,315
Sioux,2005,344
Sioux,2006,298
Sioux,2007,225
Sioux,2008,319
Sioux,2009,277
Sioux,2010,311
Sioux,2011,323
Sioux,2012,313
Sioux,2013,290
Sioux,2014,299
Sioux,2015,333
Sioux,2016,377
Sioux,2017,388
Sioux,2018,461
Sioux,2019,395
Sioux,2020,405
Sioux,2021,567
Sioux,2022,491
Sioux,2023,458
Story,2004,1042
Story,2005,890
Story,2006,1141
Story,2007,972
Story,2008,1028
Story,2009,1299
Story,2010,1392
Story,2011,1335
Story,2012,1125
Story,2013,1340
Story,2014,927
Story,2015,1057
Story,2016,1170
Story,2017,1263
Story,2018,1516
Story,2019,1449
Story,2020,1223
Story,2021,1510
Story,2022,1518
Story,2023,1491
Tama,2004,448
Tama,2005,428
Tama,2006,410
Tama,2007,387
Tama,2008,538
Tama,2009,636
Tama,2010,619
Tama,2011,552
Tama,2012,463
Tama,2013,456
Tama,2014,505
Tama,2015,532
Tama,2016,546
Tama,2017,527
Tama,2018,722
Tama,2019,734
Tama,2020,724
Tama,2021,803
Tama,2022,724
Tama,2023,728
Taylor,2004,140
Taylor,2005,100
Taylor,2006,105
Taylor,2007,164
Taylor,2008,125
Taylor,2009,166
Taylor,2010,105
Taylor,2011,100
Taylor,2012,108
Taylor,2013,128
Taylor,2014,132
Taylor,2015,126
Taylor,2016,159
Taylor,2017,172
Taylor,2018,173
Taylor,2019,177
Taylor,2020,139
Taylor,2021,171
Taylor,2022,158
Taylor,2023,141
Union,2004,258
Union,2005,252
Union,2006,330
Union,2007,337
Union,2008,301
Union,2009,336
Union,2010,356
Union,2011,386
Union,2012,467
Union,2013,446
Union,2014,361
Union,2015,442
Union,2016,532
Union,2017,480
Union,2018,567
Union,2019,534
Union,2020,462
Union,2021,677
Union,2022,488
Union,2023,562
Van Buren,2004,163
Van Buren,2005,171
Van Buren,2006,142
Van Buren,2007,133
Van Buren,2008,104
Van Buren,2009,153
Van Buren,2010,143
Van Buren,2011,188
Van Buren,2012,244
Van Buren,2013,134
Van Buren,2014,117
Van Buren,2015,188
Van Buren,2016,203
Van Buren,2017,181
Van Buren,2018,253
Van Buren,2019,215
Van Buren,2020,168
Van Buren,2021,226
Van Buren,2022,195
Van Buren,2023,222
Wapello,2004,1442
Wapello,2005,1777
Wapello,2006,1466
Wapello,2007,1186
Wapello,2008,1329
Wapello,2009,1535
Wapello,2010,1379
Wapello,2011,1447
Wapello,2012,1400
Wapello,2013,1178
Wapello,2014,1153
Wapello,2015,1147
Wapello,2016,1100
Wapello,2017,1124
Wapello,2018,1776
Wapello,2019,1590
Wapello,2020,1524
Wapello,2021,1565
Wapello,2022,1750
Wapello,2023,1407
Warren,2004,659
Warren,2005,764
Warren,2006,798
Warren,2007,746
Warren,2008,760
Warren,2009,771
Warren,2010,819
Warren,2011,905
Warren,2012,802
Warren,2013,929
Warren,2014,849
Warren,2015,694
Warren,2016,957
Warren,2017,892
Warren,2018,1307
Warren,2019,1134
Warren,2020,965
Warren,2021,1038
Warren,2022,1089
Warren,2023,1082
Washington,2004,343
Washington,2005,488
Washington,2006,415
Washington,2007,280
Washington,2008,370
Washington,2009,488
Washington,2010,477
Washington,2011,581
Washington,2012,445
Washington,2013,465
Washington,2014,377
Washington,2015,387
Washington,2016,458
Washington,2017,422
Washington,2018,549
Washington,2019,555
Washington,2020,549
Washington,2021,580
Washington,2022,607
Washington,2023,568
Wayne,2004,113
Wayne,2005,149
Wayne,2006,138
Wayne,2007,121
Wayne,2008,146
Wayne,2009,98
Wayne,2010,112
Wayne,2011,117
Wayne,2012,94
Wayne,2013,113
Wayne,2014,70
Wayne,2015,112
Wayne,2016,155
Wayne,2017,159
Wayne,2018,221
Wayne,2019,182
Wayne,2020,170
Wayne,2021,223
Wayne,2022,216
Wayne,2023,185
Webster,2004,1051
Webster,2005,1143
Webster,2006,994
Webster,2007,1139
Webster,2008,1021
Webster,2009,1182
Webster,2010,1305
Webster,2011,1309
Webster,2012,1185
Webster,2013,1138
Webster,2014,925
Webster,2015,1037
Webster,2016,1163
Webster,2017,1064
Webster,2018,1616
Webster,2019,1617
Webster,2020,1311
Webster,2021,1769
Webster,2022,1528
Webster,2023,1671
Winnebago,2004,226
Winnebago,2005,226
Winnebago,2006,274
Winnebago,2007,203
Winnebago,2008,168
Winnebago,2009,201
Winnebago,2010,226
Winnebago,2011,231
Winnebago,2012,188
Winnebago,2013,210
Winnebago,2014,153
Winnebago,2015,187
Winnebago,2016,181
Winnebago,2017,190
Winnebago,2018,445
Winnebago,2019,259
Winnebago,2020,209
Winnebago,2021,229
Winnebago,2022,283
Winnebago,2023,290
Winneshiek,2004,154
Winneshiek,2005,181
Winneshiek,2006,232
Winneshiek,2007,211
Winneshiek,2008,168
Winneshiek,2009,201
Winneshiek,2010,203
Winneshiek,2011,232
Winneshiek,2012,137
Winneshiek,2013,188
Winneshiek,2014,203
Winneshiek,2015,154
Winneshiek,2016,179
Winneshiek,2017,161
Winneshiek,2018,250
Winneshiek,2019,241
Winneshiek,2020,185
Winneshiek,2021,322
Winneshiek,2022,270
Winneshiek,2023,236
Woodbury,2004,2851
Woodbury,2005,3497
Woodbury,2006,3314
Woodbury,2007,3108
Woodbury,2008,2984
Woodbury,2009,3425
Woodbury,2010,3434
Woodbury,2011,3239
Woodbury,2012,2766
Woodbury,2013,3107
Woodbury,2014,2878
Woodbury,2015,2992
Woodbury,2016,3571
Woodbury,2017,3746
Woodbury,2018,4569
Woodbury,2019,4391
Woodbury,2020,4178
Woodbury,2021,4790
Woodbury,2022,4501
Woodbury,2023,4244
Worth,2004,152
Worth,2005,177
Worth,2006,191
Worth,2007,175
Worth,2008,152
Worth,2009,129
Worth,2010,185
Worth,2011,110
Worth,2012,115
Worth,2013,150
Worth,2014,142
Worth,2015,96
Worth,2016,124
Worth,2017,156
Worth,2018,196
Worth,2019,215
Worth,2020,171
Worth,2021,245
Worth,2022,168
Worth,2023,233
Wright,2004,293
Wright,2005,312
Wright,2006,211
Wright,2007,309
Wright,2008,321
Wright,2009,390
Wright,2010,482
Wright,2011,388
Wright,2012,478
Wright,2013,440
Wright,2014,326
Wright,2015,455
Wright,2016,375
Wright,2017,340
Wright,2018,403
Wright,2019,425
Wright,2020,395
Wright,2021,347
Wright,2022,430
Wright,2023,371
